<?xml version="1.0" encoding="UTF-8"?>
<project-private xmlns="http://www.netbeans.org/ns/project-private/1">
    <editor-bookmarks xmlns="http://www.netbeans.org/ns/editor-bookmarks/2" lastBookmarkId="0"/>
    <open-files xmlns="http://www.netbeans.org/ns/projectui-open-files/2">
        <group>
            <file>file:/C:/Users/ASUS/Documents/NetBeansProjects/3D%20Objects-coded/Project(ANB)/MATKUL/3S/PBO_0Pendahuluan/src/PBO_0Pendahuluan/Reptilia.java</file>
            <file>file:/C:/Users/ASUS/Documents/NetBeansProjects/3D%20Objects-coded/Project(ANB)/MATKUL/3S/PBO_0Pendahuluan/src/PBO_0Pendahuluan/Pisces.java</file>
            <file>file:/C:/Users/ASUS/Documents/NetBeansProjects/3D%20Objects-coded/Project(ANB)/MATKUL/3S/PBO_0Pendahuluan/src/PBO_0Pendahuluan/Utama.java</file>
            <file>file:/C:/Users/ASUS/Documents/NetBeansProjects/3D%20Objects-coded/Project(ANB)/MATKUL/3S/PBO_0Pendahuluan/src/PBO_0Pendahuluan/Amphibia.java</file>
            <file>file:/C:/Users/ASUS/Documents/NetBeansProjects/3D%20Objects-coded/Project(ANB)/MATKUL/3S/PBO_0Pendahuluan/src/PBO_0Pendahuluan/Hewan.java</file>
            <file>file:/C:/Users/ASUS/Documents/NetBeansProjects/3D%20Objects-coded/Project(ANB)/MATKUL/3S/PBO_0Pendahuluan/src/PBO_0Pendahuluan/MakhlukHidup.java</file>
            <file>file:/C:/Users/ASUS/Documents/NetBeansProjects/3D%20Objects-coded/Project(ANB)/MATKUL/3S/PBO_0Pendahuluan/src/PBO_0Pendahuluan/Mamalia.java</file>
            <file>file:/C:/Users/ASUS/Documents/NetBeansProjects/3D%20Objects-coded/Project(ANB)/MATKUL/3S/PBO_0Pendahuluan/src/PBO_0Pendahuluan/Aves.java</file>
            <file>file:/C:/Users/ASUS/Documents/NetBeansProjects/3D%20Objects-coded/Project(ANB)/MATKUL/3S/PBO_0Pendahuluan/src/PBO_0Pendahuluan/Monokotil.java</file>
            <file>file:/C:/Users/ASUS/Documents/NetBeansProjects/3D%20Objects-coded/Project(ANB)/MATKUL/3S/PBO_0Pendahuluan/src/PBO_0Pendahuluan/Dikotil.java</file>
            <file>file:/C:/Users/ASUS/Documents/NetBeansProjects/3D%20Objects-coded/Project(ANB)/MATKUL/3S/PBO_0Pendahuluan/src/PBO_0Pendahuluan/Tumbuhan.java</file>
        </group>
    </open-files>
</project-private>
